,YEAR,TOTAL_REVENUE,FEDERAL_REVENUE,STATE_REVENUE,LOCAL_REVENUE,TOTAL_EXPENDITURE,INSTRUCTION_EXPENDITURE,SUPPORT_SERVICES_EXPENDITURE,OTHER_EXPENDITURE,CAPITAL_OUTLAY_EXPENDITURE,G04_A_A_READING,G04_A_A_MATHEMATICS,G08_A_A_READING,G08_A_A_MATHEMATICS,score_clusters
0,2003,5196054.0,567704.0,2966981.0,1661369.0,5298932.0,2817111.0,1521462.0,424662.0,432279.0,207.0,223.0,253.0,262.0,0
1,2003,1425948.0,259423.0,813371.0,353154.0,1610289.0,763525.0,514052.0,55715.0,247005.0,212.0,233.0,256.0,279.0,0
2,2003,6529894.0,740579.0,2912629.0,2876686.0,6210287.0,2810907.0,1964229.0,303924.0,864642.0,209.0,229.0,255.0,271.0,0
3,2003,3241275.0,379947.0,2394336.0,466992.0,3242799.0,1768713.0,972598.0,170767.0,247245.0,214.0,229.0,258.0,266.0,0
4,2003,59815855.0,5795655.0,33617766.0,20402434.0,59749885.0,29561563.0,17030335.0,2995767.0,7341541.0,206.0,227.0,251.0,267.0,1
5,2003,6297242.0,400219.0,2715219.0,3181804.0,6685029.0,3168745.0,2149761.0,236480.0,821129.0,224.0,235.0,268.0,283.0,0
6,2003,6959891.0,351001.0,2481901.0,4126989.0,6751815.0,3721466.0,1951609.0,252325.0,539870.0,228.0,241.0,267.0,284.0,0
7,2003,1242436.0,91986.0,794472.0,355978.0,1317447.0,673997.0,367660.0,53399.0,171247.0,224.0,236.0,265.0,277.0,0
8,2003,1114061.0,152599.0,0.0,961462.0,1105963.0,473414.0,406078.0,32193.0,194278.0,188.0,205.0,239.0,243.0,0
9,2003,19549835.0,1956803.0,8689141.0,8903891.0,20180142.0,9622598.0,5938231.0,1225274.0,2924134.0,218.0,234.0,257.0,271.0,2
10,2003,13524807.0,1051973.0,6551699.0,5921135.0,13516783.0,7352918.0,3615906.0,649880.0,1705482.0,214.0,230.0,258.0,270.0,0
11,2003,2078877.0,170377.0,1873318.0,35182.0,1602392.0,888473.0,521929.0,128941.0,63049.0,208.0,227.0,251.0,266.0,0
12,2003,1685984.0,162530.0,994022.0,529432.0,1726941.0,924434.0,510284.0,69672.0,185850.0,218.0,235.0,264.0,280.0,0
13,2003,19627346.0,1618724.0,6792637.0,11215985.0,21278177.0,10409933.0,6336325.0,706758.0,2727980.0,216.0,233.0,266.0,277.0,2
14,2003,8246076.0,582940.0,4569923.0,3093213.0,9777720.0,4785880.0,2848989.0,377679.0,859389.0,220.0,238.0,265.0,281.0,0
15,2003,4374803.0,304688.0,1974708.0,2095407.0,4517990.0,2157225.0,1208401.0,284796.0,459042.0,223.0,238.0,268.0,284.0,0
16,2003,4068800.0,311152.0,2397661.0,1359987.0,3818740.0,2068389.0,1196089.0,167265.0,235653.0,220.0,242.0,266.0,284.0,0
17,2003,4872025.0,503734.0,2904331.0,1463960.0,4700494.0,2688476.0,1473773.0,282473.0,127011.0,219.0,229.0,266.0,274.0,0
18,2003,5478321.0,739078.0,2638985.0,2100258.0,5515322.0,3009591.0,1645457.0,337709.0,409705.0,205.0,226.0,253.0,266.0,0
19,2003,2162605.0,163516.0,874208.0,1124881.0,2154117.0,1255095.0,569146.0,79491.0,137716.0,224.0,238.0,268.0,282.0,0
20,2003,8700979.0,571108.0,3317403.0,4812468.0,8732518.0,4738579.0,2630831.0,385935.0,674852.0,219.0,233.0,262.0,278.0,0
21,2003,11591832.0,712487.0,4757632.0,6121713.0,11382398.0,6521028.0,3444135.0,356389.0,424368.0,228.0,242.0,273.0,287.0,0
22,2003,18488359.0,1357006.0,11227903.0,5903450.0,19680370.0,8725075.0,6144707.0,844762.0,2453532.0,219.0,236.0,264.0,276.0,2
23,2003,8484497.0,463746.0,6064474.0,1956277.0,8938770.0,4318736.0,2130933.0,613899.0,1204124.0,223.0,242.0,268.0,291.0,0
24,2003,3260771.0,482904.0,1754451.0,1023416.0,3205193.0,1702193.0,965269.0,203597.0,267397.0,205.0,223.0,255.0,261.0,0
25,2003,7622601.0,559732.0,3430809.0,3632060.0,7905481.0,4087984.0,2334521.0,448752.0,767068.0,222.0,235.0,267.0,279.0,0
26,2003,1205602.0,171819.0,553269.0,480514.0,1214879.0,687104.0,384824.0,48570.0,75983.0,223.0,236.0,270.0,286.0,0
27,2003,2600831.0,225861.0,878715.0,1496255.0,2623966.0,1414919.0,683210.0,112145.0,329746.0,221.0,236.0,266.0,282.0,0
28,2003,2778564.0,191839.0,1663026.0,923699.0,3009028.0,1406660.0,767835.0,88985.0,576610.0,207.0,228.0,252.0,268.0,0
29,2003,2028602.0,101294.0,957471.0,969837.0,2122604.0,1119824.0,570036.0,60830.0,214807.0,228.0,243.0,271.0,286.0,0
30,2003,19785039.0,797717.0,8135014.0,10852308.0,19812932.0,10169992.0,6429003.0,677268.0,1626453.0,225.0,239.0,268.0,281.0,2
31,2003,2626262.0,383513.0,1905419.0,337330.0,2658140.0,1239571.0,851701.0,131177.0,399406.0,203.0,223.0,252.0,263.0,0
32,2003,38033080.0,2591430.0,17509618.0,17932032.0,41603390.0,24786376.0,10000845.0,1156927.0,4489672.0,222.0,236.0,265.0,280.0,2
33,2003,9907235.0,888996.0,5970302.0,3047937.0,9989670.0,5517870.0,2721749.0,528694.0,940500.0,221.0,242.0,262.0,281.0,0
34,2003,882913.0,126023.0,306647.0,450243.0,895278.0,448720.0,239435.0,60008.0,81014.0,222.0,238.0,270.0,287.0,0
35,2003,18018740.0,1097349.0,7844992.0,9076399.0,18760200.0,8958790.0,6097596.0,800930.0,2324140.0,222.0,238.0,267.0,282.0,2
36,2003,4426835.0,563974.0,2272785.0,1590076.0,4376502.0,2158574.0,1402007.0,453806.0,307213.0,214.0,229.0,262.0,272.0,0
37,2003,4592019.0,407432.0,2348070.0,1836517.0,4978764.0,2458415.0,1546156.0,175667.0,606048.0,218.0,236.0,264.0,281.0,0
38,2003,19811545.0,1419644.0,6912678.0,11479223.0,20626459.0,10151195.0,5765734.0,810211.0,1848552.0,219.0,236.0,264.0,279.0,2
39,2003,1728055.0,109011.0,713197.0,905847.0,1646238.0,971700.0,525727.0,64258.0,31360.0,216.0,230.0,261.0,272.0,0
40,2003,5709707.0,535356.0,2761951.0,2412400.0,6024747.0,2888468.0,1731328.0,324241.0,865462.0,215.0,236.0,258.0,277.0,0
41,2003,965778.0,148498.0,328576.0,488704.0,993823.0,499480.0,295468.0,42694.0,122247.0,222.0,237.0,270.0,285.0,0
42,2003,5994756.0,608447.0,2648909.0,2737400.0,6482671.0,3621601.0,1716956.0,341055.0,635950.0,212.0,228.0,258.0,268.0,0
43,2003,35143236.0,3360082.0,13675228.0,18107926.0,37333674.0,18009879.0,10264033.0,1731131.0,4764154.0,215.0,237.0,259.0,277.0,2
44,2003,2875622.0,263030.0,1607204.0,1005388.0,2957874.0,1508566.0,705128.0,205147.0,469251.0,219.0,235.0,264.0,281.0,0
45,2003,1451171.0,79956.0,779124.0,592091.0,1440961.0,662999.0,345187.0,32289.0,46411.0,226.0,242.0,271.0,286.0,0
46,2003,10504167.0,698716.0,4087720.0,5717731.0,10746679.0,5661291.0,3184333.0,425933.0,1069375.0,223.0,239.0,268.0,282.0,0
47,2003,8565636.0,702469.0,5334268.0,2528899.0,8802387.0,4332487.0,2514359.0,396084.0,1189781.0,221.0,238.0,264.0,281.0,0
48,2003,2497707.0,267470.0,1519848.0,710389.0,2524444.0,1420396.0,761887.0,164473.0,166233.0,219.0,231.0,260.0,271.0,0
49,2003,8931497.0,530014.0,4838109.0,3563374.0,9128279.0,4844788.0,2757563.0,346325.0,733156.0,221.0,237.0,266.0,284.0,0
50,2003,962240.0,84308.0,489199.0,388733.0,915515.0,473447.0,292271.0,27608.0,110312.0,222.0,241.0,267.0,284.0,0
102,2005,5889966.0,665924.0,3247562.0,1976480.0,5904664.0,3053380.0,1744013.0,462605.0,511944.0,208.0,225.0,252.0,262.0,0
103,2005,1599739.0,302846.0,878731.0,418162.0,1751718.0,829666.0,559084.0,55782.0,268700.0,211.0,236.0,259.0,279.0,0
104,2005,7550109.0,897553.0,3320196.0,3332360.0,7136794.0,3423716.0,2264931.0,351097.0,861286.0,207.0,230.0,255.0,274.0,0
105,2005,3978240.0,447012.0,2995788.0,535440.0,3999608.0,2118580.0,1173643.0,200865.0,393713.0,217.0,236.0,258.0,272.0,0
106,2005,62171797.0,7148863.0,34912166.0,20110768.0,66196072.0,31070450.0,18046385.0,3132465.0,10223657.0,207.0,230.0,250.0,269.0,1
107,2005,6910296.0,472246.0,2954915.0,3483135.0,7284280.0,3380399.0,2343655.0,260280.0,918985.0,224.0,239.0,265.0,281.0,0
108,2005,7898694.0,401558.0,2886076.0,4611060.0,7452057.0,4177845.0,2200133.0,277388.0,496778.0,226.0,242.0,264.0,281.0,0
109,2005,1431710.0,106513.0,894498.0,430699.0,1480157.0,761786.0,424220.0,62086.0,172879.0,226.0,240.0,266.0,281.0,0
110,2005,1109605.0,167922.0,0.0,941683.0,1085658.0,459063.0,450060.0,38671.0,134417.0,191.0,211.0,238.0,245.0,0
111,2005,23216404.0,2328513.0,9940813.0,10947078.0,23857012.0,11270907.0,6876508.0,1363005.0,3803764.0,219.0,239.0,256.0,274.0,2
112,2005,14724731.0,1375318.0,6449103.0,6900310.0,14492666.0,7886069.0,3954215.0,658022.0,1794894.0,214.0,234.0,257.0,272.0,2
113,2005,2274166.0,236973.0,1986615.0,50578.0,1765805.0,1007207.0,559178.0,137949.0,61471.0,210.0,230.0,249.0,266.0,0
114,2005,1796035.0,192039.0,1023550.0,580446.0,1819519.0,989703.0,531569.0,77321.0,181622.0,222.0,242.0,264.0,281.0,0
115,2005,21611180.0,1835598.0,7152163.0,12623419.0,22035569.0,11063949.0,6900767.0,755227.0,2137191.0,216.0,233.0,264.0,278.0,2
116,2005,11653165.0,708922.0,5224277.0,5719966.0,11071431.0,5343758.0,3228234.0,413599.0,982893.0,218.0,240.0,261.0,282.0,0
117,2005,4638125.0,363930.0,2051926.0,2222269.0,4599549.0,2323233.0,1301312.0,214893.0,538313.0,221.0,240.0,267.0,284.0,0
118,2005,4223632.0,356865.0,2360120.0,1506647.0,4076597.0,2174402.0,1257432.0,183824.0,308365.0,220.0,246.0,267.0,284.0,0
119,2005,5444309.0,646215.0,3121503.0,1676591.0,5750671.0,2864633.0,1660844.0,336579.0,741433.0,220.0,231.0,264.0,274.0,0
120,2005,5975074.0,844640.0,2787542.0,2342892.0,5941561.0,3264689.0,1854202.0,362965.0,350658.0,209.0,230.0,253.0,268.0,0
121,2005,2324789.0,197651.0,895595.0,1231543.0,2325138.0,1355800.0,620991.0,96318.0,128520.0,225.0,241.0,270.0,281.0,0
122,2005,9906219.0,670998.0,3729262.0,5505959.0,9782665.0,5154440.0,2934277.0,407619.0,947970.0,220.0,238.0,261.0,278.0,0
123,2005,12976279.0,761359.0,5434971.0,6779949.0,12726283.0,7203922.0,3750687.0,391078.0,803602.0,231.0,247.0,274.0,292.0,0
124,2005,19106382.0,1513264.0,10990030.0,6603088.0,20489512.0,9269314.0,6479470.0,841610.0,1937442.0,218.0,238.0,261.0,277.0,2
125,2005,8777363.0,529037.0,5912340.0,2335986.0,9082593.0,4637773.0,2157574.0,646632.0,937357.0,225.0,246.0,268.0,290.0,0
126,2005,3639643.0,552628.0,1958500.0,1128515.0,3610904.0,1935459.0,1096574.0,231190.0,281713.0,204.0,227.0,251.0,262.0,0
127,2005,8340865.0,694008.0,3640728.0,4006129.0,8170965.0,4224716.0,2452665.0,457530.0,708726.0,221.0,235.0,265.0,276.0,0
128,2005,1293070.0,191687.0,578321.0,523062.0,1268328.0,721019.0,412180.0,53055.0,59998.0,225.0,241.0,269.0,286.0,0
129,2005,2895640.0,295968.0,878576.0,1721096.0,2708776.0,1487488.0,751435.0,127968.0,264339.0,221.0,238.0,267.0,284.0,0
130,2005,3381646.0,251421.0,1996995.0,1133230.0,3483540.0,1665706.0,926213.0,115483.0,584219.0,207.0,230.0,253.0,270.0,0
131,2005,2332695.0,125956.0,878957.0,1327782.0,2333264.0,1261140.0,651058.0,65668.0,163780.0,227.0,246.0,270.0,285.0,0
132,2005,23026334.0,937945.0,9340953.0,12747436.0,23023365.0,11575456.0,7408034.0,817943.0,2179605.0,223.0,244.0,269.0,284.0,2
133,2005,2982991.0,480888.0,2102670.0,399433.0,3011696.0,1395996.0,955266.0,149000.0,466166.0,207.0,224.0,251.0,263.0,0
134,2005,43936450.0,3156023.0,19202847.0,21577580.0,45086872.0,27866708.0,11303872.0,1182179.0,3342778.0,223.0,238.0,265.0,280.0,1
135,2005,11098165.0,1116670.0,6440768.0,3540727.0,10917913.0,6160224.0,3039968.0,580213.0,791873.0,217.0,241.0,258.0,282.0,0
136,2005,969520.0,148482.0,341066.0,479972.0,985502.0,501563.0,258404.0,64839.0,88341.0,225.0,243.0,270.0,287.0,0
137,2005,19746239.0,1413888.0,8313858.0,10018493.0,19785561.0,9700668.0,6526386.0,830761.0,2046199.0,223.0,242.0,267.0,283.0,2
138,2005,4892548.0,678448.0,2440741.0,1773359.0,4785987.0,2303527.0,1569038.0,467321.0,397131.0,214.0,234.0,260.0,271.0,0
139,2005,5022050.0,498217.0,2440758.0,2083075.0,5597579.0,2671228.0,1680005.0,181133.0,364717.0,217.0,238.0,263.0,282.0,0
140,2005,22657782.0,1750988.0,7667114.0,13239680.0,23183924.0,11284717.0,6638401.0,920319.0,1914407.0,223.0,241.0,267.0,281.0,2
141,2005,1903472.0,145957.0,747359.0,1010156.0,1790591.0,1023496.0,616544.0,74850.0,20070.0,216.0,233.0,261.0,272.0,0
142,2005,6337711.0,639308.0,2832245.0,2866158.0,6572191.0,3134658.0,1903030.0,342107.0,938347.0,213.0,238.0,257.0,281.0,0
143,2005,1053504.0,176738.0,350316.0,526450.0,1059303.0,539413.0,316892.0,46872.0,124727.0,222.0,242.0,269.0,287.0,0
144,2005,6806262.0,787269.0,2962151.0,3056842.0,7067521.0,4120045.0,1907907.0,378064.0,483208.0,214.0,232.0,259.0,271.0,0
145,2005,37783715.0,4095588.0,13017433.0,20670694.0,40302144.0,18950703.0,10963041.0,1883727.0,5592231.0,219.0,242.0,258.0,281.0,2
146,2005,3181279.0,326400.0,1729443.0,1125436.0,3188018.0,1632553.0,771298.0,241992.0,467720.0,221.0,239.0,262.0,279.0,0
147,2005,1628681.0,95016.0,1090494.0,443171.0,1634534.0,739981.0,392627.0,36577.0,63280.0,227.0,244.0,269.0,287.0,0
148,2005,12182657.0,826830.0,4871813.0,6484014.0,12385157.0,6565022.0,3699703.0,510204.0,1180309.0,226.0,240.0,268.0,284.0,0
149,2005,9141383.0,796450.0,5588494.0,2756439.0,9399603.0,4629347.0,2692637.0,428619.0,1292543.0,223.0,242.0,265.0,285.0,0
150,2005,2701056.0,329159.0,1607433.0,764464.0,2698703.0,1524187.0,852145.0,174265.0,137026.0,215.0,231.0,255.0,269.0,0
151,2005,9584108.0,565072.0,4770290.0,4248746.0,9433502.0,5128207.0,2944041.0,382137.0,472358.0,221.0,241.0,266.0,285.0,0
152,2005,1132160.0,106484.0,585789.0,439887.0,1033603.0,510498.0,324752.0,29657.0,158464.0,223.0,243.0,268.0,282.0,0
204,2007,7069040.0,689072.0,4070949.0,2309019.0,7196459.0,3653466.0,2174210.0,546077.0,687816.0,216.0,229.0,252.0,266.0,0
205,2007,1800616.0,282270.0,1052357.0,465989.0,1938755.0,927307.0,645857.0,60699.0,257723.0,214.0,237.0,259.0,283.0,0
206,2007,8724434.0,953861.0,4204089.0,3566484.0,8709531.0,3977800.0,2656438.0,403069.0,1436673.0,210.0,232.0,255.0,276.0,0
207,2007,4415981.0,483689.0,3319030.0,613262.0,4779308.0,2337748.0,1378576.0,450454.0,470562.0,217.0,238.0,258.0,274.0,0
208,2007,72516936.0,7200298.0,42333637.0,22983001.0,73225422.0,34685013.0,20655194.0,3467540.0,10058842.0,209.0,230.0,251.0,270.0,1
209,2007,7689014.0,529854.0,3307016.0,3852144.0,8039146.0,3782300.0,2483095.0,286754.0,1083411.0,224.0,240.0,266.0,286.0,0
210,2007,8913149.0,386553.0,3299175.0,5227421.0,8685421.0,4610572.0,2503468.0,311943.0,913165.0,227.0,243.0,267.0,282.0,0
211,2007,1694929.0,102114.0,1071957.0,520858.0,1705204.0,825084.0,481610.0,68343.0,245757.0,225.0,242.0,265.0,283.0,0
212,2007,1148358.0,134700.0,0.0,1013658.0,1140506.0,491992.0,437772.0,40703.0,167103.0,197.0,214.0,241.0,248.0,0
213,2007,28898362.0,2489027.0,11578932.0,14830403.0,29849892.0,13476109.0,8136539.0,1515095.0,5992654.0,224.0,242.0,260.0,277.0,2
214,2007,17755989.0,1475463.0,7907177.0,8373349.0,17389530.0,9507096.0,4672304.0,757339.0,2271958.0,219.0,235.0,259.0,275.0,2
215,2007,2985593.0,256696.0,2681049.0,47848.0,2199604.0,1177781.0,732536.0,151243.0,138044.0,213.0,234.0,251.0,269.0,0
216,2007,2011951.0,202977.0,1338182.0,470792.0,1960472.0,1069134.0,590192.0,86738.0,163583.0,223.0,241.0,265.0,284.0,0
217,2007,23897153.0,1862627.0,7566377.0,14468149.0,23401917.0,11692204.0,7509591.0,834000.0,2082140.0,219.0,237.0,263.0,280.0,2
218,2007,10458932.0,765168.0,5224450.0,4469314.0,11462062.0,5511104.0,3351081.0,448190.0,887670.0,222.0,245.0,264.0,285.0,0
219,2007,5194536.0,390585.0,2279228.0,2524723.0,5198975.0,2557629.0,1480218.0,221002.0,647628.0,225.0,243.0,267.0,285.0,0
220,2007,5038100.0,346441.0,2889107.0,1802552.0,4823931.0,2602503.0,1418802.0,199749.0,427238.0,225.0,248.0,267.0,290.0,0
221,2007,6226696.0,677570.0,3557084.0,1992042.0,6351636.0,3184235.0,1877438.0,371495.0,755710.0,222.0,235.0,262.0,279.0,0
222,2007,7048732.0,1234006.0,2911249.0,2903477.0,6657341.0,3430268.0,2140586.0,363037.0,618284.0,207.0,230.0,253.0,272.0,0
223,2007,2538161.0,198101.0,1081891.0,1258169.0,2501127.0,1459635.0,710785.0,111153.0,91361.0,226.0,242.0,270.0,286.0,0
224,2007,11674965.0,661677.0,4684827.0,6328461.0,11541225.0,6031042.0,3503877.0,474728.0,1170502.0,225.0,240.0,265.0,286.0,0
225,2007,14407777.0,754202.0,6485380.0,7168195.0,14315518.0,8053653.0,4248353.0,422102.0,951016.0,236.0,252.0,273.0,298.0,2
226,2007,20576110.0,1541818.0,11383198.0,7651094.0,19839838.0,9608836.0,6721838.0,871870.0,1629007.0,220.0,238.0,260.0,277.0,2
227,2007,9693509.0,546297.0,6267386.0,2879826.0,10030105.0,5048143.0,2405182.0,730882.0,1074228.0,225.0,247.0,268.0,292.0,0
228,2007,4220926.0,712846.0,2214700.0,1293380.0,4158733.0,2160396.0,1296685.0,251539.0,379581.0,208.0,228.0,250.0,265.0,0
229,2007,8908844.0,730811.0,3641310.0,4536723.0,9245525.0,4743390.0,2738098.0,485391.0,925265.0,221.0,239.0,263.0,281.0,0
230,2007,1474306.0,190631.0,702476.0,581199.0,1442434.0,793711.0,463422.0,58824.0,100592.0,227.0,244.0,271.0,287.0,0
231,2007,3234014.0,298196.0,992032.0,1943786.0,3117931.0,1673992.0,845739.0,131267.0,378827.0,223.0,238.0,267.0,284.0,0
232,2007,4006081.0,277849.0,2266751.0,1461481.0,4346371.0,2047045.0,1216122.0,139918.0,731227.0,211.0,232.0,252.0,271.0,0
233,2007,2600123.0,137058.0,936882.0,1526183.0,2608190.0,1395619.0,733978.0,70608.0,208008.0,229.0,249.0,270.0,288.0,0
234,2007,25293076.0,991769.0,10101279.0,14200028.0,25572112.0,13250745.0,8316185.0,868012.0,1997462.0,231.0,249.0,270.0,289.0,2
235,2007,3272953.0,444466.0,2360542.0,467945.0,3279467.0,1610295.0,1103097.0,119933.0,396529.0,212.0,228.0,251.0,268.0,0
236,2007,50762544.0,3269310.0,22845772.0,24647462.0,51253984.0,31465706.0,12638159.0,1318628.0,4216048.0,224.0,243.0,264.0,280.0,1
237,2007,13063307.0,1184934.0,7481148.0,4397225.0,12794086.0,6987589.0,3582953.0,642597.0,1166854.0,218.0,242.0,259.0,284.0,0
238,2007,1045678.0,150165.0,355662.0,539851.0,1042175.0,523778.0,283833.0,69691.0,90844.0,226.0,245.0,268.0,292.0,0
239,2007,22142424.0,1461326.0,9341723.0,11339375.0,21336580.0,10202242.0,6930905.0,876199.0,2595974.0,226.0,245.0,268.0,285.0,2
240,2007,5491931.0,650579.0,2782356.0,2058996.0,5505213.0,2688963.0,1732136.0,526547.0,502002.0,217.0,237.0,260.0,275.0,0
241,2007,5648586.0,526411.0,2908595.0,2213580.0,5634955.0,2999104.0,1908603.0,199410.0,293730.0,215.0,236.0,266.0,284.0,0
242,2007,25334577.0,1821479.0,8593421.0,14919677.0,25627083.0,11994620.0,7333616.0,1022492.0,2533079.0,226.0,244.0,268.0,286.0,2
243,2007,2100679.0,165167.0,817792.0,1117720.0,2082332.0,1177636.0,731694.0,85397.0,20234.0,219.0,236.0,258.0,275.0,0
244,2007,7130274.0,680718.0,3120416.0,3329140.0,7660995.0,3481608.0,2157719.0,384965.0,1290372.0,214.0,237.0,257.0,282.0,0
245,2007,1136570.0,174096.0,371645.0,590829.0,1096568.0,573916.0,335382.0,50283.0,105370.0,223.0,241.0,270.0,288.0,0
246,2007,7617488.0,805633.0,3342186.0,3469669.0,7817659.0,4473035.0,2144367.0,414587.0,593354.0,216.0,233.0,259.0,274.0,0
247,2007,44355326.0,4423644.0,15952564.0,23979118.0,45920825.0,21061312.0,12451077.0,2073350.0,6654163.0,220.0,242.0,261.0,286.0,1
248,2007,3656090.0,343915.0,1977900.0,1334275.0,3618540.0,1816456.0,871613.0,266481.0,579188.0,221.0,239.0,262.0,281.0,0
249,2007,1836316.0,97086.0,1237083.0,502147.0,1804519.0,800453.0,439237.0,41603.0,70359.0,228.0,246.0,273.0,291.0,0
250,2007,14176385.0,890144.0,5796043.0,7490198.0,14700853.0,7630837.0,4338027.0,573603.0,1473546.0,227.0,244.0,267.0,288.0,2
251,2007,10350748.0,801339.0,6339782.0,3209627.0,10682397.0,5148806.0,3028183.0,463389.0,1624443.0,224.0,243.0,265.0,285.0,0
252,2007,2905489.0,353571.0,1677212.0,874706.0,2983267.0,1608247.0,941055.0,189649.0,228873.0,215.0,236.0,255.0,270.0,0
253,2007,10154985.0,574090.0,5175386.0,4405509.0,9988878.0,5459295.0,3147269.0,420699.0,467948.0,223.0,244.0,264.0,286.0,0
254,2007,1477891.0,111051.0,722364.0,644476.0,1390344.0,661713.0,428613.0,42353.0,246698.0,225.0,244.0,266.0,287.0,0
306,2009,7186390.0,728795.0,4161103.0,2296492.0,7815467.0,3836398.0,2331552.0,561019.0,924956.0,216.0,228.0,255.0,269.0,0
307,2009,2158970.0,312667.0,1357747.0,488556.0,2396412.0,1129756.0,832783.0,70835.0,303165.0,211.0,237.0,259.0,283.0,0
308,2009,8802515.0,1044140.0,3806064.0,3952311.0,9580393.0,4296503.0,2983729.0,455403.0,1312659.0,210.0,230.0,258.0,277.0,0
309,2009,4753142.0,534510.0,3530487.0,688145.0,5017352.0,2417974.0,1492691.0,533057.0,409763.0,216.0,238.0,258.0,276.0,0
310,2009,73958896.0,9745250.0,40084244.0,24129402.0,74766086.0,35617964.0,21693675.0,3759373.0,8881265.0,210.0,232.0,253.0,270.0,1
311,2009,8310673.0,560538.0,3634018.0,4116117.0,8682489.0,4108304.0,2708535.0,330128.0,1035058.0,226.0,243.0,266.0,287.0,0
312,2009,9681268.0,403017.0,3606594.0,5671657.0,9323053.0,5054397.0,2805173.0,330685.0,763075.0,229.0,245.0,272.0,289.0,0
313,2009,1718993.0,109682.0,1047418.0,561893.0,1798244.0,877678.0,496383.0,80812.0,254460.0,226.0,239.0,265.0,284.0,0
314,2009,801008.0,75856.0,0.0,725152.0,805362.0,330698.0,370127.0,38514.0,66023.0,202.0,219.0,242.0,254.0,0
315,2009,26494500.0,2694566.0,9047586.0,14752348.0,28867429.0,13884278.0,8067350.0,1546420.0,4533913.0,226.0,242.0,264.0,279.0,2
316,2009,17972839.0,1644548.0,7739086.0,8589205.0,19025136.0,10063924.0,5135180.0,837062.0,2712073.0,218.0,236.0,260.0,278.0,2
317,2009,2689758.0,392837.0,2205032.0,91889.0,2318671.0,1402305.0,718309.0,129473.0,68584.0,211.0,236.0,255.0,274.0,0
318,2009,2182273.0,218777.0,1459554.0,503942.0,2078446.0,1157633.0,646213.0,100576.0,111190.0,221.0,241.0,265.0,287.0,0
319,2009,26987426.0,3346509.0,7879160.0,15761757.0,27716187.0,13520105.0,8764971.0,932950.0,2884993.0,219.0,238.0,265.0,282.0,2
320,2009,12999357.0,1403839.0,5804809.0,5790709.0,11218398.0,5548292.0,3681825.0,476598.0,899628.0,223.0,243.0,266.0,287.0,0
321,2009,5732319.0,431142.0,2545353.0,2755824.0,5732186.0,2914176.0,1615189.0,225983.0,672339.0,221.0,243.0,265.0,284.0,0
322,2009,5615208.0,378810.0,3291485.0,1944913.0,5827751.0,2883104.0,1578417.0,223951.0,958961.0,224.0,245.0,267.0,289.0,0
323,2009,6706922.0,719997.0,3870440.0,2116485.0,6831006.0,3468191.0,2050683.0,411529.0,720114.0,226.0,239.0,267.0,279.0,0
324,2009,7984550.0,1238259.0,3568903.0,3177388.0,8053960.0,4051985.0,2542723.0,408292.0,824390.0,207.0,229.0,253.0,272.0,0
325,2009,2623127.0,245063.0,1107152.0,1270912.0,2624504.0,1383650.0,857706.0,148378.0,108016.0,224.0,244.0,268.0,286.0,0
326,2009,13147931.0,694846.0,5697257.0,6755828.0,12757599.0,6899346.0,3984072.0,490336.0,961161.0,226.0,244.0,267.0,288.0,0
327,2009,15298022.0,1181681.0,5974489.0,8141852.0,15174814.0,8885949.0,4626112.0,456737.0,589413.0,234.0,252.0,274.0,299.0,2
328,2009,19616665.0,2094714.0,10130740.0,7391211.0,19992550.0,9422685.0,6354021.0,865858.0,1280455.0,218.0,236.0,262.0,278.0,2
329,2009,10353784.0,575703.0,6590788.0,3187293.0,11193640.0,5815987.0,2712430.0,803017.0,1187008.0,223.0,249.0,270.0,294.0,0
330,2009,4392101.0,675576.0,2334363.0,1382162.0,4552756.0,2317710.0,1392119.0,275915.0,493773.0,211.0,227.0,251.0,265.0,0
331,2009,9472520.0,758650.0,3927189.0,4786681.0,10227305.0,5175127.0,3023041.0,535977.0,1120105.0,224.0,241.0,267.0,286.0,0
332,2009,1607935.0,195705.0,765177.0,647053.0,1622485.0,855803.0,509899.0,66973.0,158151.0,225.0,244.0,270.0,292.0,0
333,2009,3522481.0,297732.0,1182776.0,2041973.0,3523803.0,1887427.0,905681.0,144995.0,488293.0,223.0,239.0,267.0,284.0,0
334,2009,4442101.0,425133.0,2272415.0,1744553.0,4577881.0,2145779.0,1364083.0,142194.0,633545.0,211.0,235.0,254.0,274.0,0
335,2009,2816162.0,146867.0,1002239.0,1667056.0,2757401.0,1546316.0,822081.0,74820.0,112359.0,229.0,251.0,271.0,292.0,0
336,2009,26510413.0,1014556.0,10401527.0,15094330.0,26145334.0,13800343.0,8687138.0,952796.0,1499241.0,229.0,247.0,273.0,293.0,2
337,2009,3703477.0,519973.0,2615320.0,568184.0,3945515.0,1807514.0,1167618.0,132017.0,784529.0,208.0,230.0,254.0,270.0,0
338,2009,55885116.0,3197833.0,25768345.0,26918938.0,57851481.0,35195372.0,14079990.0,1415237.0,5463718.0,224.0,241.0,264.0,283.0,1
339,2009,15410564.0,1377661.0,8229140.0,5803763.0,14868070.0,7943541.0,3848021.0,751609.0,1647148.0,219.0,244.0,260.0,284.0,2
340,2009,1150142.0,160294.0,407374.0,582474.0,1137260.0,579830.0,310316.0,78735.0,95977.0,226.0,245.0,269.0,293.0,0
341,2009,22779344.0,1531263.0,10226228.0,11021853.0,22427481.0,10734314.0,7347959.0,929409.0,2552105.0,225.0,244.0,269.0,286.0,2
342,2009,6029807.0,768972.0,3014993.0,2245842.0,5941799.0,2836912.0,1895590.0,577867.0,568720.0,217.0,237.0,259.0,276.0,0
343,2009,6158756.0,656298.0,3117315.0,2385143.0,6715011.0,3291310.0,2121378.0,214699.0,803096.0,218.0,238.0,265.0,285.0,0
344,2009,26755585.0,1811141.0,9858461.0,15085983.0,27328680.0,12803821.0,7637090.0,1155635.0,2411908.0,224.0,244.0,271.0,288.0,2
345,2009,2179714.0,206225.0,765069.0,1208420.0,2171376.0,1224158.0,773039.0,90493.0,24161.0,223.0,239.0,260.0,278.0,0
346,2009,7669733.0,734602.0,3654658.0,3280473.0,8427391.0,3854229.0,2463391.0,398422.0,1318784.0,216.0,236.0,257.0,280.0,0
347,2009,1258876.0,201889.0,412798.0,644189.0,1273527.0,645912.0,379946.0,56772.0,154459.0,222.0,242.0,270.0,291.0,0
348,2009,8112895.0,870374.0,3800870.0,3441651.0,8611178.0,4809809.0,2480290.0,461464.0,652210.0,217.0,232.0,261.0,275.0,0
349,2009,48087531.0,4913841.0,19708771.0,23464919.0,53575273.0,23895853.0,13799383.0,2289408.0,9297597.0,219.0,240.0,260.0,287.0,1
350,2009,4238943.0,535223.0,2224007.0,1479713.0,4419750.0,2169434.0,1008636.0,310325.0,821593.0,219.0,240.0,266.0,284.0,0
351,2009,1683034.0,102453.0,1336424.0,244157.0,1661019.0,859433.0,489015.0,49100.0,64170.0,229.0,248.0,272.0,293.0,0
352,2009,15251481.0,914507.0,6317714.0,8019260.0,15510318.0,8194237.0,4813706.0,574858.0,1418914.0,227.0,243.0,266.0,286.0,2
353,2009,12025012.0,1385421.0,7146416.0,3493175.0,12240632.0,5984072.0,3464921.0,509407.0,1818982.0,221.0,242.0,267.0,289.0,0
354,2009,3097212.0,355325.0,1793917.0,947970.0,3121728.0,1759397.0,994305.0,196984.0,157049.0,215.0,233.0,255.0,270.0,0
355,2009,10991081.0,1258519.0,4785070.0,4947492.0,10880480.0,5857285.0,3382519.0,473295.0,648807.0,220.0,244.0,266.0,288.0,0
356,2009,1675761.0,108333.0,945765.0,621663.0,1658156.0,744877.0,482641.0,47165.0,372507.0,223.0,242.0,268.0,286.0,0
408,2011,7376725.0,1077070.0,3965614.0,2334041.0,7411768.0,3844055.0,2295909.0,559140.0,564183.0,220.0,231.0,258.0,269.0,0
409,2011,2357828.0,420152.0,1416163.0,521513.0,2443898.0,1215062.0,908567.0,81031.0,180137.0,208.0,236.0,261.0,283.0,0
410,2011,8429186.0,1245814.0,3054501.0,4128871.0,8610417.0,3977772.0,2935127.0,350633.0,741124.0,212.0,235.0,260.0,279.0,0
411,2011,5176362.0,827026.0,3701224.0,648112.0,5669431.0,2559292.0,1655684.0,676591.0,605857.0,217.0,238.0,259.0,279.0,0
412,2011,70953331.0,9990221.0,37752712.0,23210398.0,69847705.0,34225248.0,20266047.0,3486160.0,6523770.0,211.0,234.0,255.0,273.0,1
413,2011,8747471.0,969288.0,3493923.0,4284260.0,8676451.0,4204486.0,2804955.0,338267.0,827354.0,223.0,244.0,271.0,292.0,0
414,2011,9783168.0,796156.0,3185501.0,5801511.0,9439182.0,5363942.0,2844490.0,333756.0,516116.0,227.0,242.0,275.0,287.0,0
415,2011,1759170.0,192182.0,1010026.0,556962.0,1808905.0,964284.0,497158.0,89576.0,182497.0,225.0,240.0,266.0,283.0,0
416,2011,1283071.0,155505.0,0.0,1127566.0,1297175.0,525185.0,389526.0,56132.0,326332.0,201.0,222.0,242.0,260.0,0
417,2011,26453693.0,4710376.0,9069119.0,12674198.0,26991946.0,14284224.0,8077593.0,1637138.0,2217069.0,225.0,240.0,262.0,278.0,2
418,2011,18030043.0,2267161.0,7492489.0,8270393.0,17187481.0,9671343.0,5005101.0,874605.0,1368395.0,221.0,238.0,262.0,278.0,2
419,2011,2499513.0,347363.0,2088870.0,63280.0,2259104.0,1253534.0,786284.0,133810.0,85476.0,214.0,239.0,257.0,278.0,0
420,2011,2089982.0,292602.0,1320153.0,477227.0,1960818.0,1104553.0,613667.0,98963.0,83524.0,221.0,240.0,268.0,287.0,0
421,2011,29507584.0,2894897.0,10030682.0,16582005.0,28525858.0,14636402.0,9271610.0,922651.0,1884866.0,219.0,239.0,266.0,283.0,2
422,2011,12125155.0,1024389.0,7340384.0,3760382.0,11113533.0,5609296.0,3548729.0,500684.0,843671.0,221.0,244.0,265.0,285.0,0
423,2011,6098470.0,596688.0,2537754.0,2964028.0,6057294.0,2995991.0,1638449.0,230237.0,861361.0,221.0,243.0,265.0,285.0,0
424,2011,5538869.0,612100.0,2945175.0,1981594.0,5662146.0,2839803.0,1530694.0,220493.0,851777.0,224.0,246.0,267.0,290.0,0
425,2011,7104589.0,1164688.0,3704150.0,2235751.0,7253850.0,3663998.0,2238626.0,426989.0,733357.0,225.0,241.0,269.0,282.0,0
426,2011,8022917.0,1497262.0,3269321.0,3256334.0,8218870.0,4162557.0,2582814.0,406798.0,809639.0,210.0,231.0,255.0,273.0,0
427,2011,2654366.0,289290.0,1043281.0,1321795.0,2728535.0,1431522.0,874220.0,145034.0,164850.0,222.0,244.0,270.0,289.0,0
428,2011,13443940.0,1255964.0,5508339.0,6679637.0,13247697.0,7205515.0,4150447.0,482356.0,989839.0,231.0,247.0,271.0,288.0,0
429,2011,15396681.0,1197383.0,5783240.0,8416058.0,15150898.0,8685894.0,4583586.0,445972.0,817228.0,237.0,253.0,275.0,299.0,2
430,2011,19374026.0,2525528.0,9845508.0,7002990.0,18469948.0,9198775.0,6024406.0,862583.0,1273466.0,219.0,236.0,265.0,280.0,2
431,2011,10912368.0,842906.0,6289912.0,3779550.0,10612480.0,5644771.0,2520057.0,805204.0,1016875.0,222.0,249.0,270.0,295.0,0
432,2011,4516742.0,1006465.0,2071467.0,1438810.0,4345783.0,2238165.0,1393211.0,274243.0,368906.0,209.0,230.0,254.0,269.0,0
433,2011,9915356.0,1344755.0,3828396.0,4742205.0,9842505.0,5100879.0,2975252.0,531640.0,849819.0,220.0,240.0,267.0,282.0,0
434,2011,1631810.0,264517.0,713642.0,653651.0,1655584.0,902615.0,540180.0,72488.0,103728.0,225.0,244.0,273.0,293.0,0
435,2011,3879388.0,571969.0,1153077.0,2154342.0,3676326.0,2101943.0,951912.0,171112.0,349683.0,223.0,240.0,268.0,283.0,0
436,2011,4146577.0,447002.0,2359671.0,1339904.0,4258855.0,2161550.0,1377125.0,149940.0,323746.0,213.0,237.0,258.0,278.0,0
437,2011,2947007.0,184768.0,1061011.0,1701228.0,3001244.0,1654129.0,855476.0,77384.0,206241.0,230.0,252.0,272.0,292.0,0
438,2011,26242376.0,1283994.0,9331426.0,15626956.0,25716298.0,14113108.0,8634990.0,909456.0,917304.0,231.0,248.0,275.0,294.0,2
439,2011,3591330.0,636436.0,2355210.0,599684.0,3694437.0,1744548.0,1124390.0,140296.0,616478.0,208.0,233.0,256.0,274.0,0
440,2011,57753776.0,5118477.0,23188002.0,29447297.0,59446908.0,37834196.0,14460678.0,1416793.0,4653802.0,222.0,238.0,266.0,280.0,1
441,2011,14409515.0,2046954.0,7488570.0,4873991.0,13767024.0,7566249.0,3843709.0,696313.0,980517.0,221.0,245.0,263.0,286.0,0
442,2011,1309044.0,186844.0,630430.0,491770.0,1312226.0,660944.0,360118.0,86352.0,124967.0,226.0,245.0,269.0,292.0,0
443,2011,23488657.0,2533882.0,9834235.0,11120540.0,23010396.0,11074360.0,7570565.0,935953.0,2494681.0,224.0,244.0,268.0,289.0,2
444,2011,5835133.0,968529.0,2741058.0,2125546.0,5644988.0,2866601.0,1814927.0,367172.0,510428.0,215.0,237.0,260.0,279.0,0
445,2011,6112484.0,848637.0,2792762.0,2471085.0,6317635.0,3261190.0,2071303.0,224903.0,461979.0,216.0,237.0,264.0,283.0,0
446,2011,28492510.0,3371827.0,9261234.0,15859449.0,28810721.0,13761915.0,7947108.0,1207139.0,2189151.0,227.0,246.0,268.0,286.0,2
447,2011,2212352.0,234111.0,768713.0,1209528.0,2198940.0,1260021.0,736651.0,93820.0,43726.0,222.0,242.0,265.0,283.0,0
448,2011,7772777.0,1041572.0,3338715.0,3392490.0,7961448.0,3689782.0,2428477.0,388361.0,1016126.0,215.0,237.0,260.0,281.0,0
449,2011,1297661.0,262395.0,374648.0,660618.0,1350617.0,661519.0,390655.0,59757.0,199636.0,220.0,241.0,269.0,291.0,0
450,2011,8679893.0,1272825.0,3955476.0,3451592.0,8961443.0,4947165.0,2635217.0,479721.0,661195.0,215.0,233.0,259.0,274.0,0
451,2011,51023159.0,7818075.0,19623258.0,23581826.0,52691826.0,25155007.0,14325757.0,2474232.0,6556210.0,218.0,241.0,261.0,290.0,1
452,2011,4141253.0,500782.0,2058112.0,1582359.0,4195916.0,2157337.0,1018548.0,315664.0,592949.0,220.0,243.0,267.0,283.0,0
453,2011,1686499.0,106823.0,1329172.0,250504.0,1722515.0,888388.0,511825.0,53418.0,63655.0,227.0,247.0,274.0,294.0,0
454,2011,14655345.0,1427301.0,5351177.0,7876867.0,14675815.0,7861076.0,4602566.0,579290.0,1075067.0,226.0,245.0,267.0,289.0,2
455,2011,11905941.0,1367629.0,6758505.0,3779807.0,11928408.0,6007184.0,3427282.0,514227.0,1467334.0,221.0,243.0,268.0,288.0,0
456,2011,3475642.0,510256.0,1927726.0,1037660.0,3670119.0,2010407.0,1160212.0,211866.0,269242.0,214.0,235.0,256.0,273.0,0
457,2011,11664303.0,1002909.0,5226954.0,5434440.0,11440718.0,6138402.0,3668777.0,479352.0,541918.0,221.0,245.0,267.0,289.0,0
458,2011,1650621.0,154955.0,878979.0,616687.0,1656850.0,825783.0,528352.0,52046.0,234408.0,224.0,244.0,270.0,288.0,0
510,2013,7197439.0,811739.0,3898347.0,2487353.0,7487741.0,3747993.0,2317243.0,576737.0,643522.0,219.0,233.0,257.0,269.0,0
511,2013,2545117.0,320938.0,1707449.0,516730.0,2665933.0,1324649.0,982442.0,87165.0,248505.0,209.0,236.0,261.0,282.0,0
512,2013,8164324.0,1178356.0,2934165.0,4051803.0,7600581.0,3824071.0,2643742.0,368750.0,558466.0,213.0,240.0,260.0,280.0,0
513,2013,5067546.0,572096.0,3847045.0,648405.0,5226339.0,2545564.0,1694335.0,281692.0,533975.0,219.0,240.0,262.0,278.0,0
514,2013,68868516.0,7836263.0,35141208.0,25891045.0,69727119.0,34194878.0,20595508.0,3461759.0,6160059.0,213.0,234.0,262.0,276.0,1
515,2013,8826868.0,696266.0,3693829.0,4436773.0,8699125.0,4292898.0,2773716.0,365228.0,758041.0,227.0,247.0,271.0,290.0,0
516,2013,10319361.0,434543.0,3870444.0,6014374.0,9758850.0,5562212.0,2966636.0,359881.0,487318.0,230.0,243.0,274.0,285.0,0
517,2013,1930466.0,151096.0,1124112.0,655258.0,1924626.0,1030897.0,560882.0,97722.0,157935.0,226.0,243.0,266.0,282.0,0
518,2013,1300036.0,129874.0,0.0,1170162.0,1308438.0,559940.0,332997.0,39825.0,375676.0,206.0,229.0,248.0,265.0,0
519,2013,24681548.0,3027018.0,9455562.0,12198968.0,25245400.0,13833236.0,7622221.0,1689414.0,1411455.0,227.0,242.0,266.0,281.0,2
520,2013,17459504.0,1805878.0,7580785.0,8072841.0,17317504.0,9555687.0,4956142.0,932291.0,1632844.0,222.0,240.0,265.0,279.0,2
521,2013,2331770.0,310778.0,1962923.0,58069.0,2345917.0,1283872.0,770643.0,144746.0,146656.0,215.0,243.0,260.0,281.0,0
522,2013,2015534.0,237912.0,1278155.0,499467.0,1967676.0,1113400.0,631575.0,107264.0,62882.0,219.0,241.0,270.0,286.0,0
523,2013,30057886.0,2311235.0,10382540.0,17364111.0,29517831.0,15285224.0,9509657.0,986182.0,1942608.0,219.0,239.0,267.0,285.0,2
524,2013,12236713.0,980013.0,7503451.0,3753249.0,11211155.0,5535933.0,3595471.0,527250.0,862576.0,225.0,249.0,267.0,288.0,0
525,2013,6281345.0,459132.0,3118413.0,2703800.0,6318241.0,3174989.0,1748683.0,254025.0,783793.0,224.0,246.0,269.0,285.0,0
526,2013,5667223.0,420820.0,3193838.0,2052565.0,5621023.0,2969201.0,1595974.0,243032.0,616590.0,223.0,246.0,267.0,290.0,0
527,2013,7216175.0,867735.0,3960822.0,2387618.0,7413896.0,3663594.0,2323851.0,457079.0,729064.0,224.0,241.0,270.0,281.0,0
528,2013,8121179.0,1229248.0,3370399.0,3521532.0,7940880.0,3963343.0,2657751.0,436167.0,644212.0,210.0,231.0,257.0,273.0,0
529,2013,2650346.0,196466.0,1029166.0,1424714.0,2535405.0,1351259.0,867538.0,116847.0,70345.0,225.0,246.0,269.0,289.0,0
530,2013,13814727.0,828432.0,6093652.0,6892643.0,13284637.0,7303090.0,4243954.0,357919.0,955586.0,232.0,245.0,274.0,287.0,0
531,2013,16114783.0,818054.0,6428534.0,8868195.0,16201905.0,9097982.0,4759997.0,467050.0,1283156.0,232.0,253.0,277.0,301.0,2
532,2013,18270327.0,1636324.0,9882361.0,6751642.0,17468264.0,8885537.0,5675448.0,848456.0,962506.0,217.0,237.0,266.0,280.0,2
533,2013,10848720.0,646542.0,6792440.0,3409738.0,10942019.0,5826404.0,2652321.0,850969.0,1016760.0,227.0,253.0,271.0,295.0,0
534,2013,4444064.0,707522.0,2213501.0,1523041.0,4370050.0,2274357.0,1465175.0,284089.0,285801.0,209.0,231.0,253.0,271.0,0
535,2013,10103589.0,894168.0,4235564.0,4973857.0,10001763.0,5139610.0,3082015.0,566933.0,833040.0,222.0,240.0,267.0,283.0,0
536,2013,1671053.0,210593.0,788329.0,672131.0,1679521.0,907018.0,545326.0,74629.0,111496.0,223.0,244.0,272.0,289.0,0
537,2013,3870164.0,366241.0,1217306.0,2286617.0,3913038.0,2318463.0,1026626.0,168033.0,298231.0,223.0,243.0,269.0,285.0,0
538,2013,4131800.0,392009.0,2556472.0,1183319.0,4057443.0,2058538.0,1396907.0,166814.0,222161.0,214.0,236.0,262.0,278.0,0
539,2013,2976317.0,163890.0,1020089.0,1792338.0,2878534.0,1642945.0,879507.0,76488.0,72588.0,232.0,253.0,274.0,296.0,0
540,2013,28070096.0,1145079.0,10986132.0,15938885.0,28179900.0,15489942.0,9131634.0,1218744.0,933676.0,229.0,247.0,276.0,296.0,2
541,2013,3518621.0,519318.0,2401884.0,597419.0,3536546.0,1709797.0,1096508.0,145330.0,514077.0,206.0,233.0,256.0,273.0,0
542,2013,59623918.0,3335657.0,23632698.0,32655563.0,60505950.0,38756656.0,14846782.0,1462376.0,3982327.0,224.0,240.0,266.0,282.0,1
543,2013,12729402.0,1579889.0,7891977.0,3257536.0,13650536.0,7681386.0,3957680.0,744037.0,653058.0,222.0,245.0,265.0,286.0,0
544,2013,1405349.0,145905.0,685348.0,574096.0,1516575.0,718970.0,400607.0,94995.0,224615.0,224.0,246.0,268.0,291.0,0
545,2013,22536516.0,1721213.0,8990516.0,11824787.0,22015797.0,10800145.0,7376469.0,916885.0,1998557.0,224.0,246.0,269.0,290.0,2
546,2013,5878111.0,715944.0,2890048.0,2272119.0,5796945.0,2800189.0,1972011.0,404107.0,557341.0,217.0,239.0,262.0,276.0,0
547,2013,6077498.0,471682.0,3041825.0,2563991.0,6228197.0,3261733.0,2067538.0,228499.0,343353.0,219.0,240.0,268.0,284.0,0
548,2013,28484645.0,2049113.0,9764558.0,16670974.0,28495118.0,15456205.0,7737010.0,1178563.0,1501024.0,226.0,244.0,272.0,290.0,2
549,2013,2282659.0,193393.0,841875.0,1247391.0,2231413.0,1265936.0,765178.0,96721.0,35089.0,223.0,241.0,267.0,284.0,0
550,2013,8254462.0,814137.0,3819285.0,3621040.0,8224795.0,3933177.0,2621911.0,426662.0,853410.0,214.0,237.0,261.0,280.0,0
551,2013,1316613.0,194731.0,408009.0,713873.0,1332496.0,663258.0,390637.0,64999.0,179586.0,218.0,241.0,268.0,287.0,0
552,2013,9008032.0,1165801.0,4097627.0,3744604.0,9248235.0,5191269.0,2780452.0,534815.0,564756.0,220.0,240.0,265.0,278.0,0
553,2013,49734537.0,5695947.0,18873046.0,25165544.0,50674724.0,24226519.0,14150552.0,2585417.0,5472152.0,217.0,242.0,264.0,288.0,1
554,2013,4300793.0,409774.0,2235917.0,1655102.0,4584624.0,2361179.0,1097484.0,309365.0,698249.0,223.0,243.0,270.0,284.0,0
555,2013,1817307.0,114697.0,1431621.0,270989.0,1809138.0,935593.0,538854.0,57026.0,55825.0,228.0,248.0,274.0,295.0,0
556,2013,15322318.0,1108879.0,5874323.0,8339116.0,15634918.0,8445746.0,4874065.0,626080.0,1089417.0,229.0,246.0,268.0,288.0,2
557,2013,12242231.0,1042200.0,7159428.0,4040603.0,12097549.0,5911337.0,3777476.0,537261.0,1443002.0,225.0,246.0,272.0,290.0,0
558,2013,3486366.0,383169.0,2027414.0,1075783.0,3488877.0,1828234.0,1130079.0,225073.0,284685.0,215.0,237.0,257.0,274.0,0
559,2013,11097447.0,827432.0,5587013.0,4683002.0,10845059.0,5637545.0,3551036.0,496850.0,521352.0,221.0,245.0,268.0,289.0,0
560,2013,1695967.0,113501.0,881114.0,701352.0,1675477.0,846872.0,546422.0,52001.0,213920.0,226.0,247.0,271.0,288.0,0
612,2015,7360222.0,795238.0,4080167.0,2484817.0,7501799.0,3817479.0,2414860.0,594283.0,510091.0,217.0,231.0,259.0,267.0,0
613,2015,2920986.0,344111.0,2026555.0,550320.0,2968341.0,1484610.0,1068849.0,92766.0,281914.0,213.0,236.0,260.0,280.0,0
614,2015,8230507.0,1093834.0,3232013.0,3904660.0,7902600.0,3846357.0,2880184.0,478876.0,497662.0,215.0,238.0,263.0,283.0,0
615,2015,5308625.0,581412.0,4075118.0,652095.0,5350543.0,2620399.0,1772639.0,290396.0,511556.0,218.0,235.0,259.0,275.0,0
616,2015,78248042.0,7556365.0,42360470.0,28331207.0,78365958.0,38951948.0,23501848.0,3754315.0,6373893.0,213.0,232.0,259.0,275.0,1
617,2015,9648297.0,715254.0,4354525.0,4578518.0,9557682.0,4578938.0,3170482.0,397263.0,923360.0,224.0,242.0,268.0,286.0,0
618,2015,11099837.0,444073.0,4353546.0,6302218.0,10542667.0,6006275.0,3233901.0,362941.0,530491.0,229.0,240.0,273.0,284.0,0
619,2015,2017075.0,137544.0,1142333.0,737198.0,1975093.0,1072395.0,583951.0,122741.0,103129.0,224.0,239.0,263.0,280.0,0
620,2015,1382282.0,146366.0,0.0,1235916.0,1360942.0,557345.0,379854.0,41841.0,381902.0,212.0,231.0,248.0,263.0,0
621,2015,26971491.0,3118041.0,10661586.0,13191864.0,27277049.0,14931173.0,8186082.0,1816178.0,1681665.0,227.0,243.0,263.0,275.0,2
622,2015,18584666.0,1831221.0,8310872.0,8442573.0,18501103.0,10081483.0,5324072.0,996277.0,1879063.0,222.0,236.0,262.0,279.0,2
623,2015,2703683.0,259390.0,2381547.0,62746.0,2521004.0,1377713.0,835930.0,145560.0,161801.0,215.0,238.0,257.0,279.0,0
624,2015,2167967.0,232449.0,1381205.0,554313.0,2029520.0,1130814.0,663005.0,108684.0,75680.0,222.0,239.0,269.0,284.0,0
625,2015,32096832.0,2262192.0,11858968.0,17975672.0,32410033.0,17313173.0,10279691.0,992075.0,2056951.0,222.0,237.0,267.0,282.0,2
626,2015,12456571.0,929878.0,7676341.0,3850352.0,11378564.0,5537406.0,3712136.0,547516.0,948358.0,227.0,248.0,268.0,287.0,0
627,2015,6714410.0,458457.0,3460798.0,2795155.0,6772654.0,3383909.0,1912222.0,262267.0,842674.0,224.0,243.0,268.0,286.0,0
628,2015,5991731.0,475273.0,3967809.0,1548649.0,6175724.0,3051755.0,1692953.0,250584.0,963767.0,221.0,241.0,267.0,284.0,0
629,2015,7548871.0,848963.0,4176753.0,2523155.0,7554887.0,3807748.0,2417226.0,468694.0,600859.0,228.0,242.0,268.0,278.0,0
630,2015,8448743.0,1235580.0,3480365.0,3732798.0,8437263.0,4100906.0,2774314.0,416066.0,780338.0,216.0,234.0,255.0,268.0,0
631,2015,2739589.0,183883.0,1060925.0,1494781.0,2596180.0,1406898.0,910381.0,109541.0,55686.0,224.0,242.0,268.0,285.0,0
632,2015,14491642.0,819162.0,6267624.0,7404856.0,13882823.0,7686024.0,4358416.0,386104.0,1050651.0,223.0,239.0,268.0,283.0,2
633,2015,16985185.0,778939.0,6808436.0,9397810.0,16972319.0,9774884.0,5043032.0,497880.0,1034539.0,235.0,251.0,274.0,297.0,2
634,2015,19025996.0,1582706.0,10510346.0,6932944.0,17742903.0,9040821.0,5839572.0,831874.0,967476.0,216.0,236.0,264.0,278.0,2
635,2015,11684249.0,629909.0,7567199.0,3487141.0,11969872.0,6257807.0,2933999.0,893322.0,1328863.0,223.0,250.0,270.0,294.0,0
636,2015,4592343.0,672366.0,2324855.0,1595122.0,4624539.0,2350872.0,1525340.0,285117.0,407791.0,214.0,234.0,252.0,271.0,0
637,2015,10623391.0,948600.0,4441091.0,5233700.0,10540353.0,5387766.0,3266781.0,615166.0,869078.0,223.0,239.0,267.0,281.0,0
638,2015,1804339.0,214980.0,851068.0,738291.0,1804841.0,940488.0,581694.0,80426.0,160885.0,225.0,241.0,270.0,287.0,0
639,2015,4248695.0,344382.0,1350116.0,2554197.0,4283846.0,2446701.0,1102622.0,183067.0,449287.0,227.0,244.0,269.0,286.0,0
640,2015,4345419.0,395630.0,2744606.0,1205183.0,4183085.0,2170424.0,1459504.0,174388.0,205794.0,214.0,234.0,259.0,275.0,0
641,2015,3093061.0,164905.0,1000063.0,1928093.0,3044720.0,1697165.0,938368.0,75581.0,125475.0,232.0,249.0,275.0,294.0,0
642,2015,29335237.0,1154004.0,11423305.0,16757928.0,28809725.0,15339450.0,9414336.0,1271558.0,1290946.0,229.0,245.0,271.0,293.0,2
643,2015,3789651.0,499789.0,2595682.0,694180.0,3846641.0,1773801.0,1256303.0,154435.0,587243.0,207.0,231.0,253.0,271.0,0
644,2015,63712218.0,2869847.0,25900858.0,34941513.0,65094591.0,41954260.0,15714795.0,1540851.0,4536014.0,223.0,237.0,263.0,280.0,1
645,2015,13146934.0,1589570.0,8172685.0,3384679.0,14060699.0,7960222.0,4082387.0,746694.0,698847.0,226.0,244.0,261.0,281.0,0
646,2015,1644533.0,158373.0,942772.0,543388.0,1804762.0,825445.0,483984.0,110836.0,303053.0,225.0,245.0,267.0,288.0,0
647,2015,24378660.0,1676820.0,10169760.0,12532080.0,22561728.0,11620080.0,7324444.0,922732.0,1750785.0,225.0,244.0,266.0,285.0,2
648,2015,6121188.0,688990.0,2993050.0,2439148.0,6184819.0,3000894.0,2041507.0,414086.0,663768.0,222.0,240.0,263.0,275.0,0
649,2015,7111710.0,577106.0,3678001.0,2856603.0,7011609.0,3650855.0,2272382.0,249968.0,477516.0,220.0,238.0,268.0,283.0,0
650,2015,29967185.0,1857885.0,10532452.0,17576848.0,29690645.0,16058338.0,8196747.0,1050310.0,1663209.0,227.0,243.0,269.0,284.0,2
651,2015,2367068.0,184718.0,908963.0,1273387.0,2326473.0,1322055.0,792525.0,90209.0,50889.0,225.0,238.0,265.0,281.0,0
652,2015,8759944.0,836137.0,4094766.0,3829041.0,8783362.0,4123140.0,2893109.0,447019.0,928112.0,218.0,237.0,260.0,276.0,0
653,2015,1415149.0,206853.0,425614.0,782682.0,1464781.0,709363.0,426257.0,70128.0,222592.0,220.0,240.0,267.0,285.0,0
654,2015,9455920.0,1122775.0,4385403.0,3947742.0,9562527.0,5343272.0,2862499.0,560697.0,553396.0,219.0,241.0,265.0,278.0,0
655,2015,55582029.0,5830972.0,20967429.0,28783628.0,56255791.0,26745844.0,15145619.0,2783770.0,6765205.0,218.0,244.0,261.0,284.0,1
656,2015,4705084.0,400213.0,2487937.0,1816934.0,4537962.0,2367650.0,1166728.0,271400.0,606254.0,226.0,243.0,269.0,286.0,0
657,2015,1996795.0,105333.0,1546600.0,344862.0,1969415.0,983532.0,566649.0,61871.0,58856.0,230.0,243.0,274.0,290.0,0
658,2015,15857524.0,1012205.0,6240349.0,8604970.0,16113212.0,8755896.0,5075509.0,627473.0,1086722.0,229.0,247.0,267.0,288.0,2
659,2015,13709442.0,1036422.0,8293812.0,4379208.0,13630138.0,6508964.0,4510672.0,546926.0,1601069.0,226.0,245.0,267.0,287.0,0
660,2015,3478401.0,362959.0,1979466.0,1135976.0,3466981.0,1819903.0,1161944.0,233836.0,232738.0,216.0,235.0,260.0,271.0,0
661,2015,11637376.0,814385.0,5869265.0,4953726.0,11553677.0,5723474.0,3691809.0,513402.0,894823.0,223.0,243.0,270.0,289.0,0
662,2015,1962874.0,120290.0,1116917.0,725667.0,1942406.0,895910.0,565489.0,52520.0,409425.0,228.0,247.0,269.0,287.0,0
714,2017,7909958.0,811407.0,4350594.0,2747957.0,7845091.0,4046379.0,2556496.0,605948.0,636268.0,216.0,232.0,258.0,268.0,0
715,2017,5254555.0,350204.0,4350594.0,553757.0,2545278.0,1266077.0,1013896.0,95727.0,169578.0,207.0,230.0,258.0,277.0,0
716,2017,9505852.0,1178196.0,4350594.0,3977062.0,8205041.0,4081153.0,3051375.0,498941.0,573572.0,215.0,234.0,263.0,282.0,0
717,2017,5674970.0,597260.0,4350594.0,727116.0,5325739.0,2691959.0,1824239.0,290519.0,519022.0,216.0,234.0,260.0,274.0,0
718,2017,42413136.0,7889546.0,4350594.0,30172996.0,2015066.0,44748095.0,27572412.0,4211532.0,7396047.0,215.0,232.0,263.0,277.0,2
719,2017,10383949.0,697569.0,4479341.0,5207039.0,9944514.0,4893184.0,3475055.0,406109.0,1170166.0,225.0,241.0,270.0,286.0,0
720,2017,11074485.0,474647.0,4209626.0,6390212.0,10377861.0,6183084.0,3360805.0,381002.0,452970.0,228.0,239.0,273.0,284.0,0
721,2017,2206856.0,138436.0,1306037.0,762383.0,2052117.0,1167635.0,619504.0,133522.0,131456.0,221.0,236.0,263.0,278.0,0
722,2017,1520849.0,167840.0,0.0,1353009.0,1562841.0,665476.0,432742.0,48733.0,415890.0,213.0,231.0,247.0,266.0,0
723,2017,28996448.0,3202127.0,11346682.0,14447639.0,28287721.0,15671515.0,8440670.0,1882901.0,2292635.0,228.0,246.0,267.0,279.0,2
724,2017,20373536.0,1846441.0,9212433.0,9314662.0,19900943.0,10901612.0,5983153.0,1067533.0,1948645.0,220.0,236.0,266.0,281.0,2
725,2017,2844167.0,252145.0,2534177.0,57845.0,2778689.0,1520054.0,949131.0,147849.0,161655.0,216.0,238.0,261.0,277.0,0
726,2017,2396039.0,235740.0,1557977.0,602322.0,2204587.0,1237375.0,744225.0,111791.0,111196.0,223.0,240.0,270.0,284.0,0
727,2017,35270459.0,2309037.0,14471043.0,18490379.0,33251593.0,19214836.0,11132670.0,1018298.0,1885789.0,220.0,238.0,267.0,282.0,2
728,2017,12684323.0,932489.0,7939731.0,3812103.0,11212925.0,5851937.0,3735459.0,576399.0,1049130.0,226.0,247.0,272.0,288.0,0
729,2017,6898375.0,478167.0,3732337.0,2687871.0,6682248.0,3542231.0,2054532.0,278614.0,806871.0,222.0,243.0,268.0,286.0,0
730,2017,6280387.0,537064.0,4016495.0,1726828.0,6279641.0,3331437.0,1844009.0,248158.0,856037.0,223.0,241.0,267.0,285.0,0
731,2017,7917769.0,911061.0,4330473.0,2676235.0,7731116.0,3963014.0,2501957.0,520644.0,745501.0,224.0,239.0,265.0,278.0,0
732,2017,8406687.0,1045678.0,3484308.0,3876701.0,8037386.0,4099533.0,2850737.0,413589.0,673527.0,212.0,229.0,257.0,267.0,0
733,2017,2768378.0,184381.0,1061490.0,1522507.0,2696781.0,1463195.0,949097.0,134980.0,149509.0,221.0,240.0,269.0,284.0,0
734,2017,14913187.0,851865.0,6499820.0,7561502.0,14416825.0,8398440.0,4376926.0,404083.0,1237376.0,225.0,241.0,267.0,281.0,2
735,2017,18036288.0,862648.0,6984320.0,10189320.0,17158299.0,10388165.0,5169933.0,544872.0,1055329.0,236.0,249.0,278.0,297.0,2
736,2017,18756551.0,1521781.0,10997430.0,6237340.0,17412336.0,9220322.0,6003244.0,862556.0,1326214.0,218.0,236.0,265.0,280.0,2
737,2017,12439701.0,653076.0,8077366.0,3709259.0,13004610.0,6713799.0,3153830.0,995675.0,2141306.0,225.0,249.0,269.0,294.0,0
738,2017,4750751.0,671484.0,2413145.0,1666122.0,4621112.0,2395723.0,1559105.0,287613.0,378671.0,215.0,235.0,256.0,271.0,0
739,2017,11086375.0,925895.0,4676130.0,5484350.0,10433233.0,5590899.0,3395289.0,647559.0,799486.0,223.0,240.0,266.0,281.0,0
740,2017,1820789.0,220212.0,853269.0,747308.0,1862801.0,985034.0,612942.0,82556.0,182269.0,222.0,241.0,267.0,286.0,0
741,2017,4431533.0,341328.0,1450757.0,2639448.0,4701690.0,2617012.0,1181770.0,214043.0,688865.0,224.0,246.0,269.0,288.0,0
742,2017,4670479.0,426468.0,2952685.0,1291326.0,4615723.0,2423628.0,1535506.0,193934.0,462655.0,215.0,232.0,260.0,275.0,0
743,2017,3124636.0,168674.0,1004048.0,1951914.0,2971769.0,1774320.0,977916.0,75423.0,144110.0,229.0,245.0,275.0,293.0,0
744,2017,29394902.0,1205301.0,12037723.0,16151878.0,28801704.0,16335585.0,9808291.0,1309794.0,1348034.0,233.0,248.0,275.0,292.0,2
745,2017,3790083.0,540695.0,2521256.0,728132.0,3708851.0,1755204.0,1248355.0,155629.0,549663.0,208.0,230.0,256.0,269.0,0
746,2017,70031703.0,3682960.0,28600336.0,37748407.0,68899548.0,45141331.0,16835467.0,1640308.0,5282442.0,222.0,236.0,264.0,282.0,1
747,2017,13975840.0,1562965.0,8596449.0,3816426.0,14555515.0,8326659.0,4208975.0,752574.0,1267307.0,224.0,241.0,263.0,282.0,0
748,2017,1773481.0,163451.0,1028331.0,581699.0,1807158.0,905399.0,491997.0,123234.0,286528.0,222.0,244.0,265.0,288.0,0
749,2017,23573180.0,1678166.0,9505364.0,12389650.0,23332458.0,12808700.0,7609610.0,987708.0,1926440.0,225.0,241.0,268.0,288.0,2
750,2017,6165537.0,686087.0,2870552.0,2608898.0,5987634.0,2978516.0,1962971.0,413542.0,632605.0,217.0,237.0,261.0,275.0,0
751,2017,7654699.0,558120.0,4018895.0,3077684.0,7581818.0,4010616.0,2481572.0,262375.0,827255.0,218.0,233.0,266.0,282.0,0
752,2017,31179409.0,2002866.0,12058241.0,17118302.0,29373517.0,17331768.0,8628826.0,1544832.0,1868091.0,225.0,242.0,270.0,286.0,2
753,2017,2443850.0,177415.0,990856.0,1275579.0,2438448.0,1366810.0,826387.0,116320.0,128931.0,223.0,238.0,266.0,277.0,0
754,2017,9726983.0,854322.0,4624270.0,4248391.0,9298282.0,4432246.0,3162992.0,455984.0,1247060.0,213.0,234.0,260.0,275.0,0
755,2017,1568440.0,200076.0,534504.0,833860.0,1525405.0,814859.0,478186.0,80343.0,152017.0,222.0,242.0,267.0,286.0,0
756,2017,10149683.0,1158220.0,4625071.0,4366392.0,10147293.0,5588091.0,3091984.0,592267.0,874951.0,219.0,237.0,262.0,279.0,0
757,2017,58891226.0,5966469.0,20994710.0,31930047.0,57855783.0,28192288.0,16979708.0,2853496.0,9830291.0,215.0,241.0,260.0,282.0,1
758,2017,5160802.0,423415.0,2674551.0,2062836.0,5108641.0,2701763.0,1277753.0,299163.0,829962.0,225.0,242.0,269.0,287.0,0
759,2017,1804614.0,110164.0,1629689.0,64761.0,1749091.0,1047622.0,590923.0,54907.0,55639.0,226.0,241.0,273.0,288.0,0
760,2017,16529157.0,1131679.0,6565670.0,8831808.0,16702815.0,9313733.0,5390800.0,669484.0,1328798.0,228.0,248.0,268.0,290.0,2
761,2017,15646461.0,1068053.0,9822674.0,4755734.0,15586175.0,7613934.0,5030224.0,602617.0,2339400.0,223.0,242.0,272.0,289.0,2
762,2017,3476338.0,403856.0,1872045.0,1200437.0,3398751.0,1812983.0,1145850.0,239715.0,200203.0,217.0,236.0,259.0,273.0,0
763,2017,11686068.0,802599.0,6197033.0,4686436.0,11321019.0,6043577.0,3848986.0,497597.0,930859.0,220.0,240.0,269.0,288.0,0
764,2017,1930057.0,117807.0,1141557.0,670693.0,1909154.0,918465.0,588433.0,51261.0,350995.0,227.0,248.0,269.0,289.0,0
765,2019,8425767.0,867947.0,4703782.0,2854038.0,8182338.0,4228987.0,2725761.0,633620.0,593970.0,212.0,230.0,253.0,269.0,0
766,2019,2557462.0,391955.0,1599899.0,565608.0,2541501.0,1282022.0,1039457.0,94863.0,125159.0,204.0,232.0,252.0,274.0,0
767,2019,9639764.0,1239441.0,4084645.0,4315678.0,9561374.0,4449707.0,3242963.0,534339.0,1334365.0,216.0,238.0,259.0,280.0,0
768,2019,5593150.0,605871.0,4191495.0,795784.0,5715562.0,2786301.0,1899313.0,297002.0,732946.0,215.0,233.0,259.0,274.0,0
769,2019,96041050.0,8162989.0,54106131.0,33771930.0,91636154.0,47665561.0,29204613.0,4557271.0,10208709.0,216.0,235.0,259.0,276.0,1
770,2019,12234647.0,712669.0,5258398.0,6263580.0,11765477.0,5445712.0,4033876.0,429935.0,1855954.0,225.0,242.0,267.0,285.0,0
771,2019,12005464.0,514707.0,4470080.0,7020677.0,11467442.0,6499238.0,3885538.0,365780.0,716886.0,224.0,243.0,270.0,286.0,0
772,2019,2266478.0,146537.0,1463152.0,656789.0,2254563.0,1242663.0,674811.0,155254.0,181835.0,218.0,239.0,260.0,277.0,0
773,2019,1526358.0,132899.0,0.0,1393459.0,1575938.0,601147.0,519283.0,51312.0,404196.0,214.0,235.0,250.0,269.0,0
774,2019,31675060.0,3454539.0,12204018.0,16016503.0,30461399.0,16679869.0,9179703.0,1974254.0,2627573.0,225.0,246.0,263.0,279.0,2
775,2019,22439128.0,1869095.0,10044691.0,10525342.0,21669452.0,11738420.0,6697689.0,1098624.0,2134719.0,218.0,238.0,262.0,279.0,2
776,2019,3124745.0,298818.0,2760298.0,65629.0,3214009.0,1700085.0,1079519.0,163105.0,271300.0,218.0,239.0,258.0,275.0,0
777,2019,2688260.0,252716.0,1747198.0,688346.0,2500107.0,1374890.0,824871.0,114646.0,185700.0,223.0,242.0,266.0,286.0,0
778,2019,37082331.0,2328041.0,15081903.0,19672387.0,34983788.0,19369160.0,11753610.0,1067908.0,2793110.0,218.0,237.0,265.0,283.0,2
779,2019,13132096.0,969031.0,8122602.0,4040463.0,12702724.0,6018445.0,3953367.0,560181.0,2170731.0,222.0,245.0,266.0,286.0,0
780,2019,7267433.0,501868.0,3836200.0,2929365.0,7071351.0,3679778.0,2199088.0,286122.0,906363.0,221.0,241.0,262.0,282.0,0
781,2019,6872412.0,578647.0,4412744.0,1881021.0,6933211.0,3618375.0,2062005.0,260193.0,992638.0,219.0,239.0,263.0,282.0,0
782,2019,8703843.0,954442.0,4814076.0,2935325.0,8532925.0,4475971.0,2698328.0,547172.0,811454.0,221.0,239.0,263.0,278.0,0
783,2019,8763547.0,1039755.0,3625907.0,4097885.0,8042899.0,4191063.0,2903703.0,422602.0,525531.0,210.0,231.0,257.0,272.0,0
784,2019,3012539.0,184603.0,1172653.0,1655283.0,2924775.0,1548915.0,1022929.0,140119.0,212812.0,221.0,241.0,265.0,282.0,0
785,2019,16068657.0,907252.0,6836746.0,8324659.0,15200103.0,8506255.0,4679621.0,419117.0,1595110.0,220.0,239.0,264.0,280.0,2
786,2019,18863906.0,812809.0,7435499.0,10615598.0,18434397.0,11270997.0,5525366.0,567566.0,1070468.0,231.0,247.0,273.0,294.0,2
787,2019,20069650.0,1602579.0,11588161.0,6878910.0,18679885.0,9646587.0,6475607.0,887794.0,1669897.0,218.0,236.0,263.0,280.0,2
788,2019,13442975.0,682398.0,8641915.0,4118662.0,13658935.0,7149516.0,3391994.0,1048655.0,2068770.0,222.0,248.0,264.0,291.0,0
789,2019,4868831.0,680426.0,2409586.0,1778819.0,4723471.0,2466476.0,1620509.0,284984.0,351502.0,219.0,241.0,256.0,274.0,0
790,2019,11772175.0,915022.0,4920201.0,5936952.0,11157625.0,5646043.0,3897935.0,601574.0,1012073.0,218.0,238.0,263.0,281.0,0
791,2019,2024649.0,258170.0,862594.0,903885.0,2093931.0,1042164.0,648124.0,85436.0,318207.0,222.0,241.0,265.0,284.0,0
792,2019,4650340.0,331243.0,1501553.0,2817544.0,4670888.0,2579281.0,1399983.0,177531.0,514093.0,222.0,244.0,264.0,285.0,0
793,2019,5037245.0,448460.0,3128530.0,1460255.0,4931211.0,2436918.0,1583034.0,196440.0,714819.0,218.0,236.0,258.0,274.0,0
794,2019,3274238.0,164963.0,1006729.0,2102546.0,3195563.0,1869308.0,1039598.0,77750.0,208907.0,224.0,245.0,268.0,287.0,0
795,2019,31772613.0,1299343.0,13546424.0,16926846.0,30892467.0,17359260.0,10815710.0,1313430.0,1404067.0,227.0,246.0,270.0,292.0,2
796,2019,3948685.0,511767.0,2646230.0,790688.0,3805069.0,1833677.0,1236330.0,176833.0,558229.0,208.0,231.0,252.0,269.0,0
797,2019,76121163.0,3676654.0,30237428.0,42207081.0,74827959.0,48286842.0,18522648.0,1883175.0,6135294.0,220.0,237.0,262.0,280.0,1
798,2019,15202180.0,1582054.0,9383233.0,4236893.0,15635865.0,8940116.0,4559906.0,767469.0,1368374.0,221.0,241.0,263.0,284.0,2
799,2019,1869592.0,195994.0,1022271.0,651327.0,1829482.0,958839.0,518220.0,133460.0,218963.0,221.0,243.0,263.0,286.0,0
800,2019,24599212.0,1695218.0,9678273.0,13225721.0,25008890.0,13578232.0,8091558.0,1004374.0,2334726.0,222.0,241.0,267.0,286.0,2
801,2019,7016572.0,726889.0,3362476.0,2927207.0,6978468.0,3462886.0,2288463.0,432322.0,794797.0,216.0,237.0,258.0,276.0,0
802,2019,8869869.0,602521.0,4597482.0,3669866.0,9116129.0,4455060.0,2792968.0,275929.0,1592172.0,218.0,236.0,264.0,280.0,0
803,2019,33265714.0,2151723.0,12608197.0,18505794.0,31710591.0,18713123.0,9238870.0,1579957.0,2178641.0,223.0,244.0,264.0,285.0,2
804,2019,2551169.0,182269.0,1040683.0,1328217.0,2554030.0,1438924.0,878169.0,121233.0,115704.0,220.0,239.0,262.0,276.0,0
805,2019,10451501.0,852042.0,4918909.0,4680550.0,9946816.0,4646235.0,3363955.0,478193.0,1458433.0,216.0,237.0,259.0,276.0,0
806,2019,1691880.0,231187.0,576443.0,884250.0,1611686.0,848061.0,498011.0,81514.0,184100.0,222.0,241.0,263.0,287.0,0
807,2019,10800722.0,1176191.0,4978985.0,4645546.0,10891085.0,6014308.0,3385405.0,610284.0,881088.0,219.0,240.0,262.0,280.0,0
808,2019,65950489.0,6858271.0,21341562.0,37750656.0,60617657.0,29717157.0,18003138.0,2958072.0,9939290.0,216.0,244.0,256.0,280.0,1
809,2019,5837778.0,414931.0,2992614.0,2430233.0,5813212.0,3032908.0,1529312.0,296401.0,954591.0,225.0,244.0,267.0,285.0,0
810,2019,1906283.0,113807.0,1730999.0,61477.0,1889356.0,1107944.0,662699.0,63355.0,55358.0,222.0,239.0,268.0,287.0,0
811,2019,17606867.0,1169845.0,7074761.0,9362261.0,17849027.0,9893290.0,5789282.0,690367.0,1476088.0,224.0,247.0,262.0,287.0,2
812,2019,19369526.0,1066984.0,13397370.0,4905172.0,19646115.0,9537723.0,5883783.0,651947.0,3572662.0,220.0,240.0,266.0,286.0,2
813,2019,3540869.0,402311.0,1958332.0,1180226.0,3471973.0,1856310.0,1168220.0,231917.0,215526.0,213.0,231.0,256.0,272.0,0
814,2019,12393896.0,820330.0,6823763.0,4749803.0,12268219.0,6365263.0,4031991.0,519321.0,1351644.0,220.0,242.0,267.0,289.0,0
815,2019,1795211.0,132060.0,964553.0,698598.0,1714088.0,908624.0,572098.0,51551.0,181815.0,227.0,246.0,265.0,286.0,0
